<?xml version="1.0" encoding="UTF-8" standalone="yes"?>
<addon id="repository.heroplayrepo" name="HERO PLAY REPO" version="1.0" provider-name="JP">
    <extension point="xbmc.addon.repository" name="Nome Repository">
        <dir>
            <info compressed="false">https://raw.githubusercontent.com/JPOhero/HERO.PLAY/master/zips/addons.xml</info>
            <checksum>https://raw.githubusercontent.com/JPOhero/HERO.PLAY/master/zips/addons.xml.md5</checksum>
            <datadir zip="true">https://raw.githubusercontent.com/JPOhero/HERO.PLAY/master/zips/</datadir>
        </dir>
    </extension>
    <extension point="xbmc.addon.metadata">
        <summary>HERO PLAY REPO</summary>
        <description>APROVEITE O MELHOR DOS HERÓIS COM NOSSO REPOSITÓRIO HERO PLAY </description>
        <disclaimer></disclaimer>
        <platform>all</platform>
        <assets>
            <icon>icon.png</icon>
            <fanart>fanart.jpg</fanart>
        </assets>
    </extension>
</addon>